Domain,Status,Attractiveness,Demand,Length,Sectors,Created,Expires,Registrar
brief.fitness,available,124,19%,5,"Business,Education,General,Law",,,
complete.fitness,available,120,21%,8,"Manufacturing,Retail,Technology",,,
second.fitness,available,120,23%,6,"General,Mathematics",,,
wizard.fitness,resell,118,42%,6,"Entertainment,Media,Technology",05/06/2025 17:01,05/06/2026 17:01,Dynadot Inc
tenth.fitness,available,116,7%,5,Mathematics,,,
flat.fitness,available,116,24%,4,"Construction,Real Estate",,,
acute.fitness,available,112,9%,5,"Mathematics,Medicine,Science",,,
zero.fitness,resell,112,49%,4,Mathematics,07/06/2025 15:15,07/06/2026 15:15,"Sav.com, LLC - 14"
above.fitness,available,112,22%,5,Business,,,
hotshot.fitness,available,112,14%,7,"Business,Entertainment,Sports",,,
abstract.fitness,available,108,29%,8,"Arts,Humanities,Science",,,
abiding.fitness,available,106,5%,7,"General,Religion",,,
teen.fitness,available,104,14%,4,"Education,Entertainment,Healthcare",,,
expert.fitness,available,104,26%,6,"Business,Education,Technology",,,
active.fitness,resell,104,27%,6,"Health and Fitness,Sports,Travel",13/04/2025 15:15,13/04/2026 15:15,"Sav.com, LLC - 20"
absent.fitness,available,102,8%,6,"Business,Education,Technology",,,
extra.fitness,available,102,26%,5,"Fashion,Retail,Technology",,,
captive.fitness,available,102,14%,7,"Entertainment,Hospitality,Technology",,,
eighth.fitness,available,100,6%,6,Mathematics,,,
crack.fitness,available,100,20%,5,Sports,,,
sixth.fitness,available,100,8%,5,Mathematics,,,
whiz.fitness,available,100,12%,4,"Business,Education,Technology",,,
remove.fitness,available,100,13%,6,"Construction,Manufacturing,Technology",,,
ninth.fitness,available,100,9%,5,Mathematics,,,
third.fitness,available,100,16%,5,Mathematics,,,
adjunct.fitness,available,100,5%,7,Education,,,
abrupt.fitness,available,100,3%,6,"Medicine,Science",,,
genius.fitness,resell,98,46%,6,"Arts,Education,Technology",26/04/2025 19:34,26/04/2026 19:34,"Spaceship, Inc."
whizz.fitness,available,98,11%,5,"Business,Education,Technology",,,
academic.fitness,available,96,20%,8,"Education,Humanities,Science",,,
forgiving.fitness,available,96,3%,9,"Healthcare,Religion",,,
actual.fitness,available,96,22%,6,"Real Estate,Retail,Technology",,,
alamode.fitness,available,96,12%,9,Fashion,,,
doable.fitness,available,96,9%,6,"Business,Education,Technology",,,
abject.fitness,available,94,7%,6,Humanities,,,
virtuoso.fitness,available,94,16%,8,"Arts,Entertainment",,,
adequate.fitness,available,94,9%,8,"Education,Healthcare,Technology",,,
around.fitness,available,94,22%,6,"Business,General,Media,Technology",,,
adjective.fitness,available,92,5%,9,Education,,,
next.fitness,available,92,43%,4,"Retail,Technology,Transportation",,,
twentieth.fitness,available,92,3%,9,Mathematics,,,
exemplary.fitness,available,92,5%,9,"Business,Education,Healthcare",,,
abroad.fitness,available,92,12%,6,"Hospitality,Travel",,,
neutral.fitness,available,92,20%,7,"Business,Media,Politics",,,
nought.fitness,available,92,4%,6,Mathematics,,,
derelict.fitness,available,92,7%,8,"Construction,Real Estate",,,
adoring.fitness,available,90,2%,7,"Entertainment,Fashion,Retail",,,
endearing.fitness,available,90,1%,9,"Entertainment,Fashion,Retail",,,
addictive.fitness,available,90,9%,9,Healthcare,,,
clear.fitness,expiring,90,47%,5,"Manufacturing,Retail,Technology",09/09/2020 21:36,09/09/2025 21:36,Squarespace Domains II LLC
leash.fitness,available,90,7%,5,"General,Health and Fitness,Retail",,,
gripping.fitness,available,90,3%,8,"Entertainment,Media,Technology",,,
abortive.fitness,available,90,1%,8,"Medicine,Science",,,
additional.fitness,available,90,8%,10,"Fashion,Retail,Technology",,,
riveting.fitness,available,90,6%,8,"Entertainment,Media,Technology",,,
twelve.fitness,available,88,18%,6,"General,Mathematics",,,
wide.fitness,available,88,18%,4,"Business,Media,Technology",,,
activist.fitness,available,88,12%,8,"Humanities,Politics",,,
hundred.fitness,available,88,14%,7,Mathematics,,,
adlib.fitness,available,88,7%,6,Entertainment,,,
proficient.fitness,available,88,8%,10,"Education,Health and Fitness,Sports",,,
actionable.fitness,available,88,13%,10,"Business,Law",,,
sixteen.fitness,available,88,11%,7,Mathematics,,,
xiv.fitness,available,86,12%,3,Mathematics,,,
recondite.fitness,available,86,4%,9,"Arts,Humanities,Science",,,
adolescent.fitness,available,86,3%,10,"Education,Entertainment,Healthcare",,,
extempore.fitness,available,86,3%,9,Entertainment,,,
star.fitness,available,86,40%,4,"Entertainment,Media,Sports",,,
attendant.fitness,available,86,5%,9,"Healthcare,Hospitality,Transportation",,,
aboriginal.fitness,available,86,10%,10,Humanities,,,
xix.fitness,available,86,11%,3,Mathematics,,,
cipher.fitness,available,86,29%,6,Mathematics,,,
engrossing.fitness,available,86,0%,10,"Entertainment,Media,Technology",,,
intent.fitness,available,86,25%,6,"Business,Education,Technology",,,
twentytwo.fitness,available,84,11%,10,Mathematics,,,
seventeen.fitness,available,84,7%,9,Mathematics,,,
grand.fitness,expired,84,25%,5,"Finance,General",20/06/2024 15:15,20/06/2025 15:15,"Sav.com, LLC - 26"
thirteen.fitness,available,84,10%,8,Mathematics,,,
acting.fitness,available,84,12%,6,Entertainment,,,
adjustable.fitness,available,84,3%,10,"Manufacturing,Retail,Technology",,,
accessory.fitness,available,84,8%,9,"Fashion,Retail,Technology",,,
thousand.fitness,available,84,8%,8,Mathematics,,,
fourteen.fitness,available,84,8%,8,Mathematics,,,
nineteen.fitness,available,84,8%,8,Mathematics,,,
deviate.fitness,available,84,12%,7,"Medicine,Science",,,
dozen.fitness,available,82,10%,5,Mathematics,,,
abdominal.fitness,available,82,1%,9,"Health and Fitness,Medicine",,,
cleansing.fitness,available,82,3%,9,Health and Fitness,,,
fivesome.fitness,available,82,1%,8,Sports,,,
good.fitness,expiring,82,47%,4,"Food and Beverage,General,Health and Fitness,Retail",27/08/2014 16:00,27/08/2025 16:00,Dynadot Inc
absorbent.fitness,available,82,3%,9,"Healthcare,Manufacturing,Retail",,,
abenaki.fitness,available,82,2%,7,Geography,,,
abroach.fitness,available,82,1%,7,Food and Beverage,,,
impromptu.fitness,available,82,16%,9,Entertainment,,,
abkhaz.fitness,available,82,1%,6,Geography,,,
seventh.fitness,available,80,10%,7,Mathematics,,,
twenty.fitness,available,80,12%,6,Mathematics,,,
nine.fitness,resell,80,24%,4,"General,Mathematics",30/07/2025 19:27,30/07/2026 19:27,"Spaceship, Inc."
worshipful.fitness,available,80,1%,10,"Education,Healthcare,Religion",,,
sequent.fitness,available,80,7%,7,"Healthcare,Insurance,Transportation",,,
adoptable.fitness,available,80,3%,9,"Education,Healthcare",,,
yard.fitness,available,80,26%,4,"Construction,General",,,
some.fitness,available,80,32%,4,"Business,Media,Retail",,,
abundant.fitness,available,80,19%,8,"Agriculture,Manufacturing,Retail",,,
wiz.fitness,available,80,30%,3,"Business,Education,Technology",,,
first.fitness,resell,80,36%,5,"General,Mathematics",11/11/2023 15:15,11/11/2025 15:15,"Spaceship, Inc."
forty.fitness,available,80,9%,5,Mathematics,,,
dorsal.fitness,available,80,6%,6,"Medicine,Science",,,
absorbable.fitness,available,80,0%,10,"Healthcare,Pharmaceuticals,Science",,,
capable.fitness,available,80,12%,7,"Business,Education,Technology",,,
absurd.fitness,available,80,16%,6,"Arts,Entertainment,Media",,,
two.fitness,available,80,24%,3,Mathematics,,,
acceptant.fitness,available,78,1%,9,"Education,Healthcare",,,
absorptive.fitness,available,78,1%,10,"Healthcare,Manufacturing,Retail",,,
recognised.fitness,available,78,3%,10,"Business,Education,Technology",,,
dormant.fitness,available,78,4%,7,"Medicine,Science",,,
adjacent.fitness,available,78,9%,8,"Construction,Real Estate,Retail",,,
accidental.fitness,available,78,11%,10,"Healthcare,Insurance,Transportation",,,
abounding.fitness,available,78,2%,9,Agriculture,,,
adrenal.fitness,available,78,4%,7,"Education,Healthcare,Science",,,
twentysix.fitness,available,78,8%,10,Mathematics,,,
low.fitness,available,78,20%,3,"Business,Finance",,,
abkhasian.fitness,available,78,1%,9,Geography,,,
athletic.fitness,resell,78,15%,8,"Health and Fitness,Sports",20/12/2017 12:50,20/12/2025 12:50,Dynadot Inc
adorable.fitness,available,78,8%,8,"Entertainment,Fashion,Retail",,,
acceptable.fitness,available,78,5%,10,"Business,Hospitality,Retail",,,
accepted.fitness,available,78,6%,8,"Business,Education,Technology",,,
sixtynine.fitness,available,78,8%,10,Mathematics,,,
honestly.fitness,available,78,9%,8,"Business,Law",,,
recognized.fitness,available,78,3%,10,"Business,Education,Technology",,,
abkhazian.fitness,available,78,1%,9,Geography,,,
improvise.fitness,available,76,4%,9,Entertainment,,,
ventral.fitness,available,76,3%,7,Science,,,
addable.fitness,available,76,2%,7,"Engineering,Mathematics,Science",,,
adherent.fitness,available,76,4%,8,"Politics,Religion",,,
acoustic.fitness,available,76,14%,8,Science,,,
threed.fitness,available,76,7%,7,Technology,,,
adipose.fitness,available,76,2%,7,"Healthcare,Science",,,
auxiliary.fitness,available,76,7%,9,"Healthcare,Manufacturing,Technology",,,
thousandth.fitness,available,76,1%,10,Mathematics,,,
resultant.fitness,available,76,2%,9,"Healthcare,Insurance,Transportation",,,
eighteen.fitness,available,76,7%,8,Mathematics,,,
thirteenth.fitness,available,76,4%,10,Mathematics,,,
adaptable.fitness,available,76,9%,9,"Business,Education,Technology",,,
adhesive.fitness,available,76,7%,8,"Construction,Manufacturing,Technology",,,
incidental.fitness,available,76,4%,10,"Healthcare,Insurance,Transportation",,,
ancillary.fitness,available,76,6%,9,"Healthcare,Manufacturing,Technology",,,
firstrate.fitness,available,76,6%,10,Business,,,
fourteenth.fitness,available,76,1%,10,Mathematics,,,
nineteenth.fitness,available,76,3%,10,Mathematics,,,
energizing.fitness,available,76,3%,10,"Food and Beverage,Health and Fitness,Travel",,,
abrasive.fitness,available,76,6%,8,"Construction,Manufacturing",,,
fifteenth.fitness,available,76,2%,9,Mathematics,,,
ague.fitness,available,76,2%,4,"Geography,Medicine,Science",,,
hundredth.fitness,available,76,1%,9,Mathematics,,,
obscene.fitness,available,76,5%,7,"Entertainment,Media",,,
activated.fitness,available,74,9%,9,"Healthcare,Manufacturing,Technology",,,
skilful.fitness,available,74,3%,7,"Education,Health and Fitness,Sports",,,
aberrant.fitness,available,74,6%,8,"Medicine,Science",,,
adamant.fitness,available,74,14%,7,Religion,,,
adenoid.fitness,available,74,1%,7,"Health and Fitness,Medicine,Science",,,
single.fitness,available,74,19%,6,Sports,,,
abnormal.fitness,available,74,16%,8,"Medicine,Science",,,
adapted.fitness,available,74,6%,7,"Healthcare,Manufacturing,Technology",,,
realizable.fitness,available,74,1%,10,"Business,Education,Technology",,,
accepting.fitness,available,74,3%,9,"Education,Healthcare",,,
manageable.fitness,available,74,4%,10,"Business,Education,Technology",,,
mavin.fitness,available,74,7%,5,"Entertainment,Fashion,Technology",,,
admirable.fitness,available,74,5%,9,"Business,Education,Healthcare",,,
achievable.fitness,available,74,4%,10,"Business,Education,Technology",,,
adrenergic.fitness,available,74,1%,10,"Education,Healthcare,Science",,,
playing.fitness,available,74,12%,7,Entertainment,,,
broad.fitness,available,74,13%,5,"Entertainment,General,Media",,,
cleared.fitness,available,74,7%,7,"Healthcare,Law,Transportation",,,
acuate.fitness,available,74,2%,6,"Engineering,Medicine,Science",,,
aching.fitness,available,72,4%,6,Healthcare,,,
trinity.fitness,available,72,18%,7,Religion,,,
adjectival.fitness,available,72,1%,10,Education,,,
adonic.fitness,available,72,2%,6,"Arts,Education,Entertainment",,,
ablaze.fitness,available,72,6%,6,Entertainment,,,
existent.fitness,available,72,3%,8,"Mathematics,Science",,,
accusative.fitness,available,72,0%,10,"Humanities,Law",,,
abreast.fitness,available,72,2%,7,"Business,Technology",,,
accustomed.fitness,available,72,1%,10,"Business,Education,Humanities",,,
lovely.fitness,available,72,26%,6,"Entertainment,Fashion,Retail",,,
absorbed.fitness,available,72,2%,8,"Entertainment,Media,Technology",,,
improvize.fitness,available,72,1%,9,Entertainment,,,
adiabatic.fitness,available,72,3%,9,"Engineering,Science",,,
ninetieth.fitness,available,72,1%,9,Mathematics,,,
absolutist.fitness,available,72,1%,10,"Humanities,Law,Politics",,,
addicted.fitness,available,72,9%,8,Healthcare,,,
adaptative.fitness,available,72,1%,10,"Business,Education,Technology",,,
seventieth.fitness,available,72,1%,10,Mathematics,,,
ternary.fitness,available,72,7%,7,Mathematics,,,
abloom.fitness,available,72,5%,6,Agriculture,,,
eightieth.fitness,available,72,1%,9,Mathematics,,,
engrossed.fitness,available,72,1%,9,"Entertainment,Media,Technology",,,
trey.fitness,available,72,14%,4,Sports,,,
adjunctive.fitness,available,72,1%,10,"Healthcare,Manufacturing,Technology",,,
liv.fitness,available,72,27%,3,Mathematics,,,
sixtieth.fitness,available,72,1%,8,Mathematics,,,
offhand.fitness,available,70,2%,7,Entertainment,,,
gymnastic.fitness,available,70,3%,9,"Entertainment,Sports",,,
adjusted.fitness,available,70,5%,8,"Manufacturing,Retail,Technology",,,
tiptop.fitness,available,70,24%,6,Fashion,,,
adored.fitness,available,70,6%,6,"Entertainment,Fashion,Retail",,,
accumbent.fitness,available,70,1%,9,"Healthcare,Medicine,Science",,,
unity.fitness,resell,70,40%,5,Mathematics,16/03/2025 15:15,16/03/2026 15:15,"Sav.com, LLC - 26"
admired.fitness,available,70,5%,7,"Business,Education,Healthcare",,,
acuminate.fitness,available,70,1%,9,"Engineering,Medicine,Science",,,
recumbent.fitness,available,70,2%,9,"Healthcare,Medicine,Science",,,
abradant.fitness,available,70,1%,8,"Construction,Manufacturing",,,
practiced.fitness,available,70,3%,9,"Education,Health and Fitness,Sports",,,
lowdown.fitness,available,70,6%,8,"Entertainment,Media",,,
absorbing.fitness,available,70,3%,9,"Entertainment,Media,Technology",,,
miserable.fitness,available,70,4%,9,Humanities,,,
stillborn.fitness,available,70,2%,9,"Medicine,Science",,,
abulic.fitness,available,70,1%,6,Medicine,,,
adamantine.fitness,available,70,4%,10,Religion,,,
consequent.fitness,available,70,3%,10,"Business,Education,General,Technology",,,
skillful.fitness,available,70,9%,8,"Education,Health and Fitness,Sports",,,
ablative.fitness,available,68,3%,8,Science,,,
licenced.fitness,available,68,2%,8,"Business,Healthcare,Insurance",,,
decorated.fitness,available,68,3%,9,"Entertainment,Fashion,Retail",,,
abnaki.fitness,available,68,1%,6,Geography,,,
abkhas.fitness,available,68,0%,6,Geography,,,
ennead.fitness,available,68,5%,6,Mathematics,,,
fortieth.fitness,available,68,0%,8,Mathematics,,,
aroused.fitness,available,68,3%,7,"Entertainment,Health and Fitness",,,
aberdonian.fitness,available,68,1%,10,Geography,,,
achaean.fitness,available,68,2%,7,Humanities,,,
abducent.fitness,available,68,0%,8,Medicine,,,
scurvy.fitness,available,68,3%,6,Humanities,,,
sevener.fitness,available,68,1%,7,Mathematics,,,
accredited.fitness,available,68,9%,10,"Business,Education,Healthcare",,,
licensed.fitness,available,68,5%,8,"Business,Healthcare,Insurance",,,
activating.fitness,available,68,3%,10,"Healthcare,Manufacturing,Technology",,,
acerate.fitness,available,68,1%,7,Science,,,
foursome.fitness,available,68,4%,8,Sports,,,
fiftieth.fitness,available,68,0%,8,Mathematics,,,
stygian.fitness,available,68,5%,7,Humanities,,,
octonary.fitness,available,68,1%,8,Mathematics,,,
aculeate.fitness,available,68,1%,8,"Engineering,Medicine,Science",,,
overseas.fitness,available,68,12%,8,"Hospitality,Travel",,,
septenary.fitness,available,68,1%,9,Mathematics,,,
thirtieth.fitness,available,68,1%,9,Mathematics,,,
vindicated.fitness,available,68,2%,10,"Humanities,Law,Politics",,,
achaian.fitness,available,68,2%,7,Humanities,,,
threesome.fitness,available,68,5%,9,Entertainment,,,
xxii.fitness,available,66,6%,4,Mathematics,,,
sextet.fitness,available,66,1%,6,Entertainment,,,
buzzing.fitness,available,66,7%,7,"Entertainment,Media,Technology",,,
xxv.fitness,available,66,6%,3,Mathematics,,,
clv.fitness,available,66,10%,3,Mathematics,,,
abstinent.fitness,available,66,1%,9,"Health and Fitness,Religion",,,
xii.fitness,available,66,10%,3,Mathematics,,,
acrobatic.fitness,available,66,4%,9,"Entertainment,Sports",,,
accessary.fitness,available,66,1%,9,"Business,Law,Technology",,,
according.fitness,available,66,3%,9,"Business,Education,Technology",,,
adorned.fitness,available,66,5%,7,"Entertainment,Fashion,Retail",,,
onec.fitness,available,66,6%,5,Mathematics,,,
xvii.fitness,available,66,5%,4,Mathematics,,,
four.fitness,expiring,66,27%,4,Mathematics,01/09/2024 12:13,01/09/2025 12:13,Tucows Domains Inc.
modish.fitness,available,66,5%,6,Fashion,,,
latest.fitness,available,66,18%,6,Technology,,,
six.fitness,available,66,26%,3,Mathematics,,,
adopted.fitness,available,66,4%,7,"Education,Healthcare",,,
five.fitness,available,66,26%,4,Mathematics,,,
fifty.fitness,expired,66,12%,5,Mathematics,07/06/2024 05:05,07/06/2025 05:05,"NameCheap, Inc."
deuce.fitness,available,66,9%,5,Sports,,,
century.fitness,expiring,66,17%,7,Education,20/08/2024 17:05,20/08/2025 17:05,"Sav.com, LLC"
xxvi.fitness,available,66,3%,4,Mathematics,,,
exonerated.fitness,available,66,2%,10,"Humanities,Law,Politics",,,
acappella.fitness,available,66,6%,10,Entertainment,,,
xvi.fitness,available,66,5%,3,Mathematics,,,
performing.fitness,available,66,6%,10,Entertainment,,,
xxi.fitness,available,66,10%,3,Mathematics,,,
eighty.fitness,available,66,6%,6,Mathematics,,,
ninety.fitness,available,66,11%,6,Mathematics,,,
xiii.fitness,available,66,9%,4,Mathematics,,,
xviii.fitness,available,66,5%,5,Mathematics,,,
teenager.fitness,available,66,4%,8,"Education,Entertainment,Healthcare",,,
tenner.fitness,available,66,5%,6,Finance,,,
acervate.fitness,available,66,1%,8,Science,,,
aflame.fitness,available,64,3%,6,Entertainment,,,
deviant.fitness,available,64,12%,7,"Medicine,Science",,,
nondrinker.fitness,available,64,1%,10,"Health and Fitness,Religion",,,
astringent.fitness,available,64,1%,10,"Healthcare,Pharmaceuticals",,,
ccc.fitness,available,64,38%,3,Mathematics,,,
adagio.fitness,available,64,14%,6,Entertainment,,,
acentric.fitness,available,64,2%,8,Science,,,
rising.fitness,available,64,18%,6,"Construction,Manufacturing,Real Estate",,,
scatty.fitness,available,64,1%,6,"Arts,Entertainment,Media",,,
accordant.fitness,available,64,3%,9,"Arts,Entertainment",,,
absolved.fitness,available,64,1%,8,"Humanities,Law,Religion",,,
fortyfour.fitness,available,62,6%,10,Mathematics,,,
quartet.fitness,available,62,7%,7,"Arts,Entertainment",,,
troika.fitness,available,62,8%,6,Politics,,,
twodozen.fitness,available,62,1%,9,Mathematics,,,
aufait.fitness,available,62,3%,7,"Fashion,Media",,,
activistic.fitness,available,62,1%,10,"Humanities,Politics",,,
eleventh.fitness,available,62,5%,8,Mathematics,,,
exculpated.fitness,available,62,1%,10,"Humanities,Law,Politics",,,
accusing.fitness,available,62,1%,8,Law,,,
chiliad.fitness,available,62,2%,7,Mathematics,,,
aborigine.fitness,available,62,1%,9,Humanities,,,
longdozen.fitness,available,62,2%,10,Mathematics,,,
acidic.fitness,available,62,5%,6,"Food and Beverage,Science",,,
activation.fitness,available,62,16%,10,"Healthcare,Manufacturing,Technology",,,
pungent.fitness,available,62,1%,7,Food and Beverage,,,
adjuvant.fitness,available,62,5%,8,"Healthcare,Manufacturing,Technology",,,
accrued.fitness,available,62,2%,7,"Banking,Finance,Insurance",,,
wrapped.fitness,available,62,13%,7,"Fashion,Hospitality,Retail",,,
ensuant.fitness,available,62,1%,7,"Healthcare,Insurance,Transportation",,,
adoptive.fitness,available,62,1%,8,"Education,Healthcare",,,
nail.fitness,available,62,16%,4,"Construction,Fashion,General,Retail",,,
orso.fitness,available,62,9%,5,"Business,Media,Technology",,,
playacting.fitness,available,62,1%,10,Entertainment,,,
abo.fitness,available,62,15%,3,Science,,,
admissible.fitness,available,62,1%,10,"Education,Healthcare,Law",,,
sixteenth.fitness,available,62,1%,9,Mathematics,,,
cumulative.fitness,available,62,2%,10,"Banking,Finance,Insurance",,,
eighteenth.fitness,available,62,1%,10,Mathematics,,,
roughly.fitness,available,62,3%,7,"Business,Media,Technology",,,
cautionary.fitness,available,60,1%,10,"Business,Education,Healthcare",,,
cxxx.fitness,available,60,4%,4,Mathematics,,,
sixty.fitness,available,60,13%,5,Mathematics,,,
clxv.fitness,available,60,1%,4,Mathematics,,,
paunchy.fitness,available,60,0%,7,"Health and Fitness,Medicine",,,
clxxx.fitness,available,60,1%,5,Mathematics,,,
adnexal.fitness,available,60,1%,7,"Agriculture,Manufacturing,Retail",,,
idolised.fitness,available,60,1%,8,"Entertainment,Fashion,Retail",,,
cxxxv.fitness,available,60,2%,5,Mathematics,,,
octet.fitness,available,60,12%,5,Arts,,,
cxxv.fitness,available,60,1%,4,Mathematics,,,
adnate.fitness,available,60,1%,6,"Agriculture,Manufacturing,Retail",,,
tertiary.fitness,available,60,4%,8,Education,,,
cxl.fitness,available,60,7%,3,Mathematics,,,
clx.fitness,available,60,10%,3,Mathematics,,,
clxx.fitness,available,60,3%,4,Mathematics,,,
abashed.fitness,available,60,1%,7,Humanities,,,
clxxv.fitness,available,60,1%,5,Mathematics,,,
idolized.fitness,available,60,3%,8,"Entertainment,Fashion,Retail",,,
cxv.fitness,available,60,4%,3,Mathematics,,,
cxlv.fitness,available,60,2%,4,Mathematics,,,
thou.fitness,available,60,7%,4,Mathematics,,,
xcl.fitness,available,60,5%,3,Mathematics,,,
annexal.fitness,available,60,1%,7,"Agriculture,Manufacturing,Retail",,,
abstemious.fitness,available,60,0%,10,"Food and Beverage,Health and Fitness,Hospitality",,,
aboveboard.fitness,available,60,5%,10,"Business,Law",,,
acceptive.fitness,available,60,1%,9,"Education,Healthcare",,,
eightysix.fitness,available,60,7%,10,Mathematics,,,
cxx.fitness,available,60,10%,3,Mathematics,,,
abstainer.fitness,available,60,0%,9,"Health and Fitness,Religion",,,
tercet.fitness,available,59,2%,6,"Arts,Entertainment,Media",,,
eighter.fitness,available,58,2%,7,Mathematics,,,
acyclic.fitness,available,58,4%,7,"Engineering,Mathematics,Science",,,
abuzz.fitness,available,58,5%,5,"Entertainment,Media,Technology",,,
addressed.fitness,available,58,3%,9,"Business,Technology,Telecommunications",,,
lxxx.fitness,available,58,2%,4,Mathematics,,,
fifth.fitness,available,58,12%,5,Mathematics,,,
closeto.fitness,available,58,3%,8,"Business,Media,Technology",,,
lxxviii.fitness,available,58,1%,7,Mathematics,,,
fourth.fitness,available,58,13%,6,Mathematics,,,
accretive.fitness,available,58,6%,9,"Banking,Finance,Insurance",,,
accoutred.fitness,available,58,1%,9,"Fashion,Manufacturing,Retail",,,
linear.fitness,available,58,22%,6,"Engineering,Mathematics,Science",,,
adjustive.fitness,available,58,1%,9,"Manufacturing,Retail,Technology",,,
alacarte.fitness,available,58,11%,10,Food and Beverage,,,
actuarial.fitness,available,58,8%,9,"Finance,Insurance,Mathematics",,,
quintet.fitness,available,58,8%,7,"Arts,Entertainment",,,
twelfth.fitness,available,58,2%,7,Mathematics,,,
justabout.fitness,available,58,3%,10,"Business,Media,Technology",,,
sixer.fitness,available,58,5%,5,Sports,,,
sextuplet.fitness,available,58,1%,9,Healthcare,,,
seventy.fitness,available,58,7%,7,Mathematics,,,
sixtyone.fitness,available,58,3%,9,Mathematics,,,
addible.fitness,available,58,2%,7,"Engineering,Mathematics,Science",,,
hexad.fitness,available,58,4%,5,Mathematics,,,
seven.fitness,resell,58,36%,5,Mathematics,16/08/2024 17:06,16/08/2026 17:06,"Sav.com, LLC"
accented.fitness,available,58,3%,8,"Arts,Entertainment",,,
acetic.fitness,available,58,1%,6,"Food and Beverage,Science",,,
heptad.fitness,available,58,1%,6,Mathematics,,,
aucourant.fitness,available,58,3%,10,"Fashion,Media",,,
niner.fitness,available,58,5%,5,Mathematics,,,
super.fitness,resell,58,47%,5,Business,07/03/2025 20:15,07/03/2026 20:15,Porkbun LLC
enwrapped.fitness,available,58,0%,9,"Entertainment,Fashion,Media",,,
abandoned.fitness,available,58,10%,9,"Construction,Real Estate",,,
adient.fitness,available,58,4%,6,"Medicine,Science",,,
tetrad.fitness,available,58,5%,6,Mathematics,,,
octad.fitness,available,58,5%,5,Mathematics,,,
centesimal.fitness,available,58,1%,10,Mathematics,,,
fourscore.fitness,available,58,4%,9,Mathematics,,,
cypher.fitness,available,58,29%,6,Mathematics,,,
abridged.fitness,available,58,4%,8,Media,,,
ache.fitness,available,58,7%,4,Healthcare,,,
pentad.fitness,available,58,2%,6,Mathematics,,,
abused.fitness,available,58,5%,6,"Healthcare,Law",,,
offhanded.fitness,available,58,1%,9,Entertainment,,,
adhoc.fitness,available,58,24%,6,"Business,Engineering,Technology",,,
lviii.fitness,available,56,1%,5,Mathematics,,,
lvi.fitness,available,56,8%,3,Mathematics,,,
triad.fitness,available,56,15%,5,Arts,,,
addled.fitness,available,56,2%,6,Entertainment,,,
thirtyone.fitness,available,56,5%,10,Mathematics,,,
xxxi.fitness,available,56,9%,4,Mathematics,,,
xlii.fitness,available,56,5%,4,Mathematics,,,
xxix.fitness,available,56,4%,4,Mathematics,,,
xlvi.fitness,available,56,3%,4,Mathematics,,,
xxxvi.fitness,available,56,1%,5,Mathematics,,,
maledict.fitness,available,56,1%,8,Religion,,,
potbellied.fitness,available,56,0%,10,"Health and Fitness,Medicine",,,
accoutered.fitness,available,56,0%,10,"Fashion,Manufacturing,Retail",,,
fortytwo.fitness,available,56,17%,9,Mathematics,,,
halfdozen.fitness,available,56,1%,10,Mathematics,,,
fortynine.fitness,available,56,3%,10,Mathematics,,,
fiftyone.fitness,available,56,7%,9,Mathematics,,,
xxxvii.fitness,available,56,2%,6,Mathematics,,,
fiftyfour.fitness,available,56,3%,10,Mathematics,,,
xlvii.fitness,available,56,2%,5,Mathematics,,,
xxxviii.fitness,available,56,1%,7,Mathematics,,,
xxxii.fitness,available,56,1%,5,Mathematics,,,
lvii.fitness,available,56,1%,4,Mathematics,,,
xliv.fitness,available,56,2%,4,Mathematics,,,
admissive.fitness,available,56,1%,9,"Education,Healthcare,Hospitality",,,
admittable.fitness,available,56,1%,10,"Education,Healthcare,Hospitality",,,
xxvii.fitness,available,56,3%,5,Mathematics,,,
fiftynine.fitness,available,56,4%,10,Mathematics,,,
aone.fitness,available,56,15%,5,Food and Beverage,,,
xxxv.fitness,available,56,4%,4,Mathematics,,,
xxiii.fitness,available,56,5%,5,Mathematics,,,
xxxiii.fitness,available,56,2%,6,Mathematics,,,
fiftysix.fitness,available,56,4%,9,Mathematics,,,
appressed.fitness,available,56,0%,9,"Agriculture,Manufacturing,Retail",,,
liii.fitness,available,56,4%,4,Mathematics,,,
fortysix.fitness,available,56,3%,9,Mathematics,,,
fiftytwo.fitness,available,56,6%,9,Mathematics,,,
xlviii.fitness,available,56,1%,6,Mathematics,,,
fortyone.fitness,available,56,4%,9,Mathematics,,,
xxxiv.fitness,available,56,1%,5,Mathematics,,,
thirtysix.fitness,available,56,5%,10,Mathematics,,,
ilx.fitness,available,56,5%,3,Mathematics,,,
xxiv.fitness,available,56,5%,4,Mathematics,,,
xliii.fitness,available,56,1%,5,Mathematics,,,
abeyant.fitness,available,56,1%,7,"Business,Law",,,
xli.fitness,available,56,5%,3,Mathematics,,,
terzetto.fitness,available,56,3%,8,Arts,,,
abdominous.fitness,available,56,0%,10,"Health and Fitness,Medicine",,,
xxviii.fitness,available,56,1%,6,Mathematics,,,
admittible.fitness,available,56,1%,10,"Education,Healthcare,Hospitality",,,
thirtytwo.fitness,available,56,5%,10,Mathematics,,,
lii.fitness,available,56,7%,3,Mathematics,,,
fortyfive.fitness,available,54,4%,10,Mathematics,,,
adaxial.fitness,available,54,2%,7,Science,,,
adducent.fitness,available,54,1%,8,"Engineering,Mathematics,Science",,,
aboral.fitness,available,54,2%,6,Science,,,
iii.fitness,available,54,24%,3,Mathematics,,,
deserted.fitness,available,54,3%,8,"Hospitality,Real Estate",,,
unnatural.fitness,available,54,4%,9,"Medicine,Science",,,
vii.fitness,available,54,13%,3,Mathematics,,,
quatern.fitness,available,54,2%,7,Mathematics,,,
achromatic.fitness,available,54,4%,10,Science,,,
abient.fitness,available,54,1%,6,Science,,,
abhorrent.fitness,available,54,1%,9,Humanities,,,
threescore.fitness,available,54,1%,10,Mathematics,,,
abatable.fitness,available,54,1%,8,Law,,,
scratchy.fitness,available,54,3%,8,Fashion,,,
admonitory.fitness,available,54,0%,10,"Business,Education,Healthcare",,,
ternion.fitness,available,54,3%,7,Mathematics,,,
monitory.fitness,available,54,3%,8,"Business,Education,Healthcare",,,
quaternion.fitness,available,54,6%,10,Mathematics,,,
achy.fitness,available,54,3%,4,Healthcare,,,
deuceace.fitness,available,54,2%,9,Sports,,,
fin.fitness,available,54,30%,3,Finance,,,
adjuratory.fitness,available,54,0%,10,"Law,Politics,Religion",,,
abaxial.fitness,available,54,1%,7,Science,,,
sise.fitness,available,54,5%,4,Mathematics,,,
twoscore.fitness,available,54,2%,8,Mathematics,,,
quadruplet.fitness,available,54,1%,10,"Healthcare,Medicine,Science",,,
abatic.fitness,available,54,1%,6,Science,,,
abasic.fitness,available,54,1%,6,Science,,,
adductive.fitness,available,54,0%,9,"Engineering,Mathematics,Science",,,
abducens.fitness,available,54,1%,8,Medicine,,,
viii.fitness,available,54,6%,4,Mathematics,,,
actuated.fitness,available,54,2%,8,"Automotive,Manufacturing,Technology",,,
acoustical.fitness,available,54,4%,10,Science,,,
adducting.fitness,available,54,1%,9,"Engineering,Mathematics,Science",,,
quaternity.fitness,available,54,4%,10,Mathematics,,,
accentual.fitness,available,54,3%,9,"Arts,Entertainment",,,
adpressed.fitness,available,54,0%,9,"Agriculture,Manufacturing,Retail",,,
accursed.fitness,available,54,3%,8,"Entertainment,Media,Religion",,,
quintuplet.fitness,available,54,1%,10,"Healthcare,Medicine,Science",,,
xxx.fitness,available,53,30%,3,"Arts,Entertainment,Media",,,
septet.fitness,available,53,1%,6,General,,,
sestet.fitness,available,53,1%,6,Arts,,,
littlejoe.fitness,available,52,2%,10,"Entertainment,Media",,,
xcii.fitness,available,52,2%,4,Mathematics,,,
sixtyfour.fitness,available,52,3%,10,Mathematics,,,
repulsive.fitness,available,52,1%,9,Humanities,,,
xcvi.fitness,available,52,2%,4,Mathematics,,,
abusive.fitness,available,52,3%,7,"Healthcare,Law",,,
lxxxv.fitness,available,52,1%,5,Mathematics,,,
decumbent.fitness,available,52,1%,9,"Healthcare,Medicine,Science",,,
ixc.fitness,available,52,5%,3,Mathematics,,,
xciii.fitness,available,52,1%,5,Mathematics,,,
lxvii.fitness,available,52,1%,5,Mathematics,,,
aboulic.fitness,available,52,1%,7,Medicine,,,
lxxiii.fitness,available,52,1%,6,Mathematics,,,
sixtytwo.fitness,available,52,3%,9,Mathematics,,,
tierce.fitness,available,52,3%,6,General,,,
repugnant.fitness,available,52,1%,9,Humanities,,,
eightytwo.fitness,available,52,4%,10,Mathematics,,,
abstruse.fitness,available,52,5%,8,"Humanities,Mathematics,Science",,,
xciv.fitness,available,52,2%,4,Mathematics,,,
adenoidal.fitness,available,52,1%,9,"Health and Fitness,Medicine,Science",,,
sixtyfive.fitness,available,52,3%,10,Mathematics,,,
sixtysix.fitness,available,52,4%,9,Mathematics,,,
lxxvi.fitness,available,52,1%,5,Mathematics,,,
ninetysix.fitness,available,52,4%,10,Mathematics,,,
ninetytwo.fitness,available,52,4%,10,Mathematics,,,
lxxv.fitness,available,52,1%,4,Mathematics,,,
ablated.fitness,available,52,1%,7,Science,,,
xcvii.fitness,available,52,1%,5,Mathematics,,,
lxxiv.fitness,available,52,1%,5,Mathematics,,,
lxxxiii.fitness,available,52,1%,7,Mathematics,,,
xcv.fitness,available,52,7%,3,Mathematics,,,
abominable.fitness,available,52,2%,10,"Entertainment,Humanities",,,
lxxxiv.fitness,available,52,1%,6,Mathematics,,,
lxxxii.fitness,available,52,1%,6,Mathematics,,,
eightyone.fitness,available,52,3%,10,Mathematics,,,
lxv.fitness,available,52,5%,3,Mathematics,,,
lxxxvii.fitness,available,52,1%,7,Mathematics,,,
lxxvii.fitness,available,52,2%,6,Mathematics,,,
uphill.fitness,available,52,7%,6,"Sports,Transportation,Travel",,,
detestable.fitness,available,52,1%,10,Humanities,,,
lxvi.fitness,available,52,3%,4,Mathematics,,,
lxii.fitness,available,52,1%,4,Mathematics,,,
xcviii.fitness,available,52,1%,6,Mathematics,,,
lxiv.fitness,available,52,3%,4,Mathematics,,,
abysmal.fitness,available,52,4%,7,"Arts,Entertainment,Media",,,
lxxi.fitness,available,52,1%,4,Mathematics,,,
lxxxvi.fitness,available,52,1%,6,Mathematics,,,
lxxii.fitness,available,52,1%,5,Mathematics,,,
lxviii.fitness,available,52,1%,6,Mathematics,,,
odious.fitness,available,52,2%,6,"Entertainment,Humanities",,,
lxiii.fitness,available,52,2%,5,Mathematics,,,
xci.fitness,available,52,4%,3,Mathematics,,,
ixl.fitness,available,52,9%,3,Mathematics,,,
ninetyone.fitness,available,52,5%,10,Mathematics,,,
chagrined.fitness,available,52,1%,9,Humanities,,,
lxxxi.fitness,available,52,1%,5,Mathematics,,,
scummy.fitness,available,50,1%,6,Humanities,,,
adhominem.fitness,available,50,2%,10,"Humanities,Law,Politics",,,
acerose.fitness,available,50,1%,7,Science,,,
abactinal.fitness,available,50,0%,9,Science,,,
acetous.fitness,available,50,1%,7,Science,,,
acapnic.fitness,available,50,0%,7,"Healthcare,Medicine,Science",,,
acaudal.fitness,available,50,1%,7,"Agriculture,Science",,,
acerb.fitness,available,50,2%,5,Science,,,
cinque.fitness,available,50,7%,6,Mathematics,,,
trine.fitness,available,50,11%,5,"General,Religion",,,
acerbic.fitness,available,50,2%,7,"Arts,Humanities,Media",,,
gillless.fitness,available,50,0%,9,Science,,,
lxx.fitness,available,50,5%,3,Mathematics,,,
abdicable.fitness,available,50,0%,9,Law,,,
abranchial.fitness,available,50,0%,10,Science,,,
spinous.fitness,available,50,1%,7,"Agriculture,Science",,,
abbatial.fitness,available,50,0%,8,Religion,,,
adactylous.fitness,available,50,0%,10,Science,,,
abomasal.fitness,available,50,0%,8,Agriculture,,,
triplet.fitness,available,50,8%,7,Science,,,
ogdoad.fitness,available,50,1%,6,Mathematics,,,
aculeated.fitness,available,50,0%,9,"Engineering,Medicine,Science",,,
needlelike.fitness,available,50,0%,10,"Engineering,Medicine,Science",,,
acapnotic.fitness,available,50,0%,9,"Healthcare,Medicine,Science",,,
acellular.fitness,available,50,1%,9,Science,,,
acetose.fitness,available,50,1%,7,Science,,,
quint.fitness,available,50,13%,5,"Arts,Entertainment",,,
aborticide.fitness,available,50,0%,10,Medicine,,,
vinegary.fitness,available,50,1%,8,Food and Beverage,,,
acquitted.fitness,available,50,1%,9,Law,,,
abducting.fitness,available,50,0%,9,Medicine,,,
broached.fitness,available,50,0%,8,Food and Beverage,,,
apriori.fitness,available,48,13%,8,Mathematics,,,
ilxx.fitness,available,48,1%,4,Mathematics,,,
execrable.fitness,available,48,0%,9,"Entertainment,Humanities",,,
abyssal.fitness,available,48,12%,7,"Arts,Entertainment,Media",,,
lxxxviii.fitness,available,48,1%,8,Mathematics,,,
notguilty.fitness,available,48,5%,10,Law,,,
ilxxx.fitness,available,48,1%,5,Mathematics,,,
abstracted.fitness,available,48,5%,10,"Arts,Humanities,Science",,,
stemless.fitness,available,46,2%,8,"Agriculture,Science",,,
achromous.fitness,available,46,1%,9,Science,,,
acaudate.fitness,available,46,1%,8,"Agriculture,Science",,,
acanthoid.fitness,available,46,1%,9,"Agriculture,Science",,,
theabsurd.fitness,available,46,1%,10,"Arts,Entertainment,Media",,,
achenial.fitness,available,46,1%,8,Science,,,
acetylenic.fitness,available,46,1%,10,Science,,,
cotyloid.fitness,available,46,1%,8,Science,,,
acarpelous.fitness,available,46,0%,10,"Agriculture,Science",,,
acephalous.fitness,available,46,1%,10,Science,,,
acanthotic.fitness,available,46,0%,10,"Agriculture,Science",,,
acetylic.fitness,available,46,1%,8,Science,,,
acetabular.fitness,available,46,1%,10,Science,,,
acetonic.fitness,available,46,1%,8,Science,,,
acanthous.fitness,available,46,0%,9,"Agriculture,Science",,,
acarpous.fitness,available,46,0%,8,"Agriculture,Science",,,
achromic.fitness,available,46,2%,8,Science,,,
acheronian.fitness,available,46,1%,10,Humanities,,,
vinegarish.fitness,available,46,1%,10,Food and Beverage,,,
quaternary.fitness,available,46,3%,10,Mathematics,,,
acicular.fitness,available,46,2%,8,Science,,,
acapnial.fitness,available,46,0%,8,"Healthcare,Medicine,Science",,,
stripling.fitness,available,46,2%,9,"Education,Entertainment,Healthcare",,,
accusatory.fitness,available,44,1%,10,Law,,,
cotyloidal.fitness,available,44,1%,10,Science,,,
acherontic.fitness,available,44,1%,10,Humanities,,,
abscessed.fitness,available,41,0%,9,Healthcare,,,
accurst.fitness,available,40,1%,7,Religion,,,
scurrilous.fitness,available,40,1%,10,"Entertainment,Media,Politics",,,
accusive.fitness,available,40,1%,8,Law,,,